{"yakult": {"first": "1500", "last": "1 botol", "address": "50"}, "mangga": {"first": "5000", "last": "1 buah", "address": "10"}, "cabai": {"first": "15000", "last": "1 kg", "address": "5 kg"}, "pensil": {"first": "1000", "last": "1 buah", "address": "1 kotak"}, "bawang": {"first": "30000", "last": "1 kg", "address": "5 kg"}, "gula": {"first": "40000", "last": "1,5 kg", "address": "20 bungkus"}, "beras": {"first": "10000", "last": "1 kg", "address": "3 karung"}, "telur": {"first": "50000", "last": "1 tray", "address": "10 tray"}}